Customer_ID,First_Name,Last_Name,Email,Phone,City,State,Country,Signup_Date,Status
1,Robert,Taylor,robert.taylor@example.com,9149316614,Houston,KA,USA,2021-06-27,Active
2,David,Johnson,david.johnson@gmail.com,6442606046,Phoenix,NY,USA,2021-04-02,Pending
3,Anna,,anna.test@gmail.com,6664827757,Chicago,IL,India,2023-07-27,Pending
4,Chris,Harris,chris.harris@,7980141670,Delhi,AZ,UK,2023-04-30,Pending
5,Michael,Smith,michael.smith@mail.com,7494713599,Phoenix,NY,UK,2019-08-13,Active
6,Amit,,amit.test@,7625481785,Delhi,DL,India,2023-04-11,Pending
7,Amit,,amit.test@yahoo.com,9394456234,Los Angeles,DL,USA,2020-07-11,Inactive
8,Rahul,Brown,rahul.brown@yahoo.com,8509333780,Chicago,MH,USA,2020-01-05,Pending
9,Priya,White,priya.white@example.com,8570932845,Bangalore,KA,UK,2023-08-27,Pending
,Sarah,Jackson,sarah.jackson@example.com,8987685319,Bangalore,BR,UK,2022-10-08,Active
11,Michael,Harris,michael.harris@gmail.com,9165378878,New York,MH,USA,2022-07-26,Pending
12,Neha,Taylor,,9877401593,Houston,KA,UK,2023-11-10,Active
13,Chris,Martin,,8363352634,Patna,NY,UK,2021-03-10,Active
14,,,user.test@,6408269768,Bangalore,AZ,India,2020-05-13,Pending
15,Jane,Anderson,jane.anderson@example.com,9183837950,Houston,MH,India,2020-02-05,Inactive
16,Anna,Smith,anna.smith@gmail.com,8298725759,Houston,IL,India,2020-04-14,Pending
17,,,,6421658160,Houston,NY,UK,2024-04-22,Inactive
18,Sarah,,sarah.test@example.com,9744325195,Los Angeles,IL,USA,2019-03-20,Pending
19,,Thomas,,8271733396,Mumbai,DL,India,2021-06-07,Active
20,Neha,Kumar,neha.kumar@example.com,7189753381,Patna,CA,India,2022-08-05,Active
21,Linda,Johnson,linda.johnson@yahoo.com,9020023070,Los Angeles,CA,USA,2020-04-10,Inactive
22,Neha,,neha.test@yahoo.com,8637171971,Los Angeles,NY,India,2021-10-14,Active
23,Michael,Sharma,,9284221921,Patna,TX,USA,2021-08-03,Pending
24,Michael,Smith,michael.smith@gmail.com,7736478925,Los Angeles,TX,USA,2023-03-12,Inactive
25,Linda,White,linda.white@example.com,8379813343,Patna,KA,India,2021-11-03,Pending
26,Amit,Smith,amit.smith@,8650438374,Patna,IL,India,2021-01-23,Active
27,Emily,,,6754338307,Mumbai,CA,USA,2021-04-07,Active
28,Rahul,Taylor,rahul.taylor@,6166989149,Houston,MH,UK,2023-07-20,Active
29,Neha,Thomas,neha.thomas@mail.com,8129230702,Bangalore,MH,UK,2020-12-13,Active
30,Priya,,,6842786246,Bangalore,CA,USA,2019-09-18,Inactive
31,David,Harris,david.harris@,9351506748,Houston,CA,UK,2019-11-02,Pending
32,Emily,Harris,emily.harris@yahoo.com,8105721717,Houston,TX,UK,2022-12-27,Active
33,Amit,Brown,amit.brown@gmail.com,6119478247,Patna,NY,UK,2021-02-20,Inactive
34,Jane,Anderson,jane.anderson@mail.com,7936736004,Los Angeles,KA,India,2022-03-30,Pending
35,Amit,,,8878882941,Chicago,KA,India,2022-06-24,Active
36,,Jackson,user.jackson@example.com,8852784426,Chicago,TX,UK,2022-02-11,Pending
37,,Kumar,user.kumar@mail.com,7232545422,Mumbai,MH,India,2021-07-07,Active
38,,Thomas,user.thomas@yahoo.com,7605707042,Delhi,NY,India,2019-01-03,Active
39,Linda,Smith,,6043520571,Mumbai,MH,UK,2020-03-03,Inactive
40,David,Kumar,david.kumar@yahoo.com,7890751797,New York,IL,USA,2023-09-08,Inactive
41,Chris,Smith,chris.smith@gmail.com,8612066243,Delhi,DL,UK,2021-05-05,Inactive
42,Priya,Sharma,priya.sharma@gmail.com,7531148491,New York,IL,UK,2022-07-17,Active
43,,Johnson,user.johnson@gmail.com,6360696011,Mumbai,CA,USA,2022-11-17,Active
44,,Smith,user.smith@mail.com,6984178497,New York,CA,USA,2021-10-29,Pending
45,Rahul,Taylor,rahul.taylor@gmail.com,9846926929,Chicago,BR,USA,2021-07-17,Active
,,Jackson,user.jackson@gmail.com,6804783965,Chicago,MH,UK,2020-10-18,Pending
47,Chris,Smith,,7045726527,Bangalore,DL,UK,2020-03-28,Active
48,Emily,Brown,emily.brown@yahoo.com,9650244509,Phoenix,IL,USA,2020-12-15,Active
49,Michael,Thomas,michael.thomas@,8966703372,Bangalore,MH,India,2021-05-15,Active
50,Priya,White,priya.white@example.com,8611626483,New York,MH,USA,2024-06-15,Pending
51,Neha,White,neha.white@example.com,9539421084,Bangalore,IL,India,2020-02-26,Inactive
52,Michael,Anderson,,8928913908,New York,AZ,UK,2020-05-10,Pending
53,John,Harris,,8947831638,Phoenix,TX,UK,2024-04-07,Inactive
54,Neha,Jackson,neha.jackson@gmail.com,7642786477,Patna,DL,India,2021-12-20,Active
55,,Anderson,user.anderson@mail.com,7690801282,Delhi,AZ,USA,2019-01-10,Pending
,Neha,Harris,neha.harris@yahoo.com,9934772354,Patna,CA,India,2019-08-13,Inactive
57,Jane,Brown,,8917501785,Los Angeles,DL,India,2020-09-17,Active
58,Chris,Harris,,8777712845,Delhi,MH,USA,2020-08-23,Active
59,,,user.test@gmail.com,8012070887,Delhi,MH,UK,2020-05-21,Pending
60,Neha,Sharma,neha.sharma@gmail.com,8800209675,Bangalore,CA,India,2024-06-05,Active
61,Priya,Martin,,9062677844,Phoenix,TX,USA,2023-11-12,Inactive
62,,Martin,,7164570866,Bangalore,DL,UK,2019-05-03,Inactive
63,David,Martin,david.martin@,7397601160,Phoenix,IL,USA,2020-10-27,Pending
64,Amit,Jackson,amit.jackson@mail.com,9001302014,Delhi,TX,India,2019-06-16,Active
65,,Martin,user.martin@mail.com,7835045238,New York,TX,USA,2021-01-08,Active
66,John,,,9803089569,Mumbai,IL,UK,2019-03-28,Active
67,Michael,Anderson,,9933875124,Delhi,TX,UK,2019-12-31,Inactive
,Robert,Taylor,robert.taylor@yahoo.com,6523423551,Los Angeles,NY,UK,2021-04-11,Pending
69,Priya,Jackson,priya.jackson@yahoo.com,6582386460,Bangalore,IL,USA,2021-07-15,Inactive
70,Robert,Smith,robert.smith@example.com,9252770160,Houston,DL,UK,2020-03-20,Inactive
71,David,Anderson,david.anderson@yahoo.com,9675964199,Delhi,KA,India,2021-12-17,Pending
72,Linda,Kumar,linda.kumar@yahoo.com,9997978228,New York,KA,USA,2022-11-24,Active
73,Rahul,Jackson,,6799497543,New York,NY,UK,2023-07-14,Pending
74,Sarah,Thomas,sarah.thomas@yahoo.com,8353740144,Houston,TX,India,2019-09-17,Pending
75,Emily,Sharma,emily.sharma@gmail.com,9477074086,New York,NY,UK,2022-12-13,Inactive
76,John,Johnson,john.johnson@yahoo.com,8749993458,Delhi,DL,India,2023-01-04,Inactive
77,Robert,Anderson,robert.anderson@yahoo.com,7218856022,Delhi,AZ,UK,2023-04-15,Pending
78,Amit,Martin,amit.martin@mail.com,8386685059,Chicago,DL,UK,2019-01-18,Pending
79,Linda,Brown,linda.brown@mail.com,6435469698,Delhi,IL,UK,2020-05-18,Pending
80,Rahul,Brown,rahul.brown@,8152290979,Chicago,BR,India,2023-10-20,Active
,Sarah,Thomas,sarah.thomas@yahoo.com,6692249415,Chicago,CA,UK,2020-06-12,Pending
82,Linda,,linda.test@example.com,7700867642,Mumbai,BR,UK,2023-02-22,Active
83,John,Harris,john.harris@,6705430579,Phoenix,MH,India,2024-02-26,Inactive
84,,Taylor,user.taylor@example.com,6404290078,Phoenix,MH,UK,2019-11-21,Pending
85,John,Harris,john.harris@yahoo.com,8744158306,Houston,NY,USA,2020-03-22,Pending
86,Rahul,Sharma,rahul.sharma@mail.com,7784850117,New York,DL,India,2021-08-31,Pending
,,Johnson,user.johnson@gmail.com,9624864133,Patna,IL,India,2019-08-31,Pending
88,Priya,Brown,priya.brown@,6779007794,Patna,AZ,UK,2022-07-09,Pending
89,David,,,6707200954,Houston,IL,India,2019-11-12,Active
90,Michael,Brown,michael.brown@mail.com,6327145121,Delhi,TX,USA,2022-11-27,Pending
,Anna,Thomas,anna.thomas@example.com,6918611721,Delhi,NY,UK,2019-04-02,Inactive
92,Sarah,Martin,sarah.martin@yahoo.com,9108210087,Delhi,NY,USA,2024-05-31,Inactive
93,Neha,Johnson,,7404509673,Los Angeles,DL,UK,2020-08-30,Pending
94,Anna,Thomas,anna.thomas@,9968815099,Delhi,IL,USA,2021-06-19,Inactive
95,Rahul,Anderson,,9584027814,Chicago,MH,USA,2021-10-21,Pending
,,Harris,user.harris@gmail.com,9022327193,Bangalore,IL,USA,2020-03-27,Active
97,Michael,White,michael.white@,8897265286,Houston,DL,UK,2021-10-04,Inactive
98,John,White,john.white@yahoo.com,6754418059,Los Angeles,KA,UK,2019-12-31,Inactive
99,Priya,Taylor,priya.taylor@mail.com,7002258529,Los Angeles,KA,USA,2023-05-28,Active
100,Sarah,Jackson,sarah.jackson@example.com,6192053311,Delhi,DL,UK,2023-08-10,Inactive
101,Priya,Martin,priya.martin@gmail.com,6805048475,Mumbai,IL,UK,2020-11-02,Pending
102,Neha,Kumar,neha.kumar@mail.com,8345738295,Houston,MH,UK,2023-08-04,Pending
103,Emily,Smith,emily.smith@yahoo.com,8464816346,Los Angeles,BR,USA,2022-08-17,Pending
104,Amit,White,amit.white@example.com,8061352644,Delhi,NY,UK,2024-03-15,Pending
105,,White,user.white@mail.com,9018554446,Chicago,BR,USA,2021-06-14,Active
106,Sarah,,sarah.test@yahoo.com,8690306605,Patna,NY,UK,2022-06-08,Pending
107,,Kumar,user.kumar@gmail.com,8050911751,Phoenix,KA,India,2020-03-28,Active
108,Linda,Thomas,linda.thomas@yahoo.com,9268969435,Phoenix,KA,UK,2021-05-30,Pending
109,Jane,,jane.test@example.com,9597070838,Patna,AZ,UK,2020-05-19,Active
110,Michael,Thomas,michael.thomas@gmail.com,6469645997,Phoenix,NY,USA,2024-03-13,Inactive
111,John,Kumar,john.kumar@yahoo.com,8240848153,Mumbai,CA,UK,2019-02-13,Pending
112,Linda,Taylor,linda.taylor@gmail.com,9062335224,Chicago,DL,India,2023-11-13,Pending
113,Emily,Thomas,,6800918199,Mumbai,TX,USA,2022-01-08,Pending
114,David,Thomas,david.thomas@yahoo.com,7606648218,Los Angeles,BR,UK,2022-06-15,Inactive
115,Linda,Sharma,linda.sharma@example.com,8722408799,Mumbai,DL,USA,2023-08-18,Active
116,Jane,Martin,jane.martin@yahoo.com,8667509827,Los Angeles,AZ,UK,2023-05-24,Pending
117,Jane,Martin,jane.martin@yahoo.com,7461406838,Bangalore,MH,India,2021-01-15,Pending
118,Anna,Martin,anna.martin@mail.com,6052655896,Mumbai,DL,India,2021-08-14,Pending
119,Rahul,Johnson,rahul.johnson@mail.com,7633332308,Phoenix,IL,India,2022-09-16,Inactive
120,Amit,Taylor,amit.taylor@mail.com,8109424705,Phoenix,AZ,UK,2022-06-17,Active
121,Emily,Smith,emily.smith@gmail.com,9524314979,Patna,CA,India,2020-09-13,Pending
122,Anna,,anna.test@mail.com,7115663182,Los Angeles,AZ,India,2022-03-05,Inactive
123,Michael,Kumar,michael.kumar@mail.com,8705747382,Patna,TX,USA,2023-02-21,Pending
,David,Smith,david.smith@example.com,7453075644,Bangalore,TX,India,2024-04-18,Inactive
,Amit,Kumar,amit.kumar@gmail.com,9859580752,Chicago,CA,USA,2020-07-04,Inactive
126,Neha,Johnson,neha.johnson@example.com,7606644965,Bangalore,CA,UK,2023-01-29,Active
127,Chris,Johnson,chris.johnson@example.com,9645815088,Chicago,DL,USA,2020-04-15,Active
128,Michael,Sharma,,9000940574,Houston,BR,USA,2019-05-03,Pending
129,Emily,,emily.test@mail.com,8747571982,New York,IL,UK,2022-11-28,Inactive
130,Priya,Kumar,priya.kumar@mail.com,9737169222,Bangalore,NY,USA,2020-03-14,Inactive
131,,Jackson,,7537878615,Houston,TX,USA,2024-05-28,Inactive
132,John,White,john.white@gmail.com,6650347766,Patna,TX,UK,2021-12-21,Active
133,Neha,Harris,,8291419119,Bangalore,TX,India,2020-09-22,Active
,Robert,Thomas,robert.thomas@mail.com,9090712686,Mumbai,BR,UK,2023-03-27,Inactive
,Neha,Jackson,neha.jackson@gmail.com,8751681703,Mumbai,AZ,India,2024-01-06,Active
136,Amit,Anderson,amit.anderson@example.com,7778099817,Chicago,AZ,India,2020-02-17,Pending
137,Priya,Jackson,priya.jackson@,8215044516,Houston,AZ,USA,2020-01-19,Pending
138,Chris,Anderson,chris.anderson@gmail.com,8939795491,Delhi,KA,UK,2023-10-09,Inactive
139,Linda,Harris,linda.harris@mail.com,6051975911,Delhi,TX,UK,2019-06-16,Pending
140,Sarah,Taylor,sarah.taylor@,9780357164,Patna,NY,India,2021-10-05,Active
141,Chris,Kumar,chris.kumar@mail.com,6446199030,Phoenix,BR,India,2021-11-17,Inactive
142,,Kumar,user.kumar@yahoo.com,6167507266,Phoenix,DL,UK,2022-07-14,Pending
143,Anna,Anderson,anna.anderson@,9862280551,Los Angeles,DL,USA,2019-12-06,Inactive
144,Jane,Harris,jane.harris@mail.com,8173093491,Patna,DL,UK,2022-11-17,Active
145,,Johnson,user.johnson@yahoo.com,9896121707,Chicago,IL,India,2020-12-11,Inactive
146,Linda,Smith,linda.smith@example.com,9114844692,Phoenix,NY,India,2024-06-17,Active
147,Robert,,,6533381574,New York,AZ,USA,2022-07-02,Active
148,Neha,,neha.test@yahoo.com,7766567130,Los Angeles,AZ,India,2020-10-15,Active
149,Sarah,Brown,sarah.brown@example.com,6140542778,Patna,IL,India,2024-06-17,Active
150,Robert,,,8146119915,Chicago,DL,India,2021-06-16,Inactive
151,Robert,Taylor,robert.taylor@mail.com,7770776979,Chicago,AZ,UK,2019-07-27,Inactive
152,Anna,Johnson,,8809491331,Los Angeles,DL,UK,2021-08-08,Active
153,Rahul,Martin,rahul.martin@yahoo.com,6430226911,Mumbai,TX,UK,2020-04-13,Inactive
154,,,user.test@yahoo.com,7944554719,Los Angeles,KA,India,2021-09-16,Inactive
155,Chris,Kumar,chris.kumar@example.com,8287730485,Mumbai,NY,India,2020-01-26,Pending
156,Emily,Brown,,7653565926,Bangalore,DL,UK,2022-05-23,Active
157,David,Brown,david.brown@,7849381041,Delhi,KA,India,2022-03-16,Pending
158,Jane,,jane.test@example.com,9088729439,Phoenix,KA,UK,2020-11-08,Active
159,Priya,Taylor,priya.taylor@mail.com,6448227978,Bangalore,BR,India,2021-08-19,Inactive
160,Amit,Taylor,amit.taylor@mail.com,8835524484,Phoenix,CA,UK,2024-05-17,Active
161,,Thomas,user.thomas@gmail.com,9574653043,New York,BR,India,2022-07-29,Pending
162,Michael,Thomas,michael.thomas@example.com,8719345753,Delhi,IL,UK,2023-06-15,Inactive
163,Amit,Harris,amit.harris@yahoo.com,8205789917,Los Angeles,NY,India,2023-03-04,Active
164,,Sharma,user.sharma@yahoo.com,6170781810,Mumbai,TX,UK,2021-03-03,Inactive
165,David,Martin,david.martin@yahoo.com,7666615224,Los Angeles,BR,USA,2019-04-18,Active
166,Michael,,michael.test@gmail.com,6964071077,Delhi,KA,USA,2021-01-01,Inactive
167,Robert,Taylor,robert.taylor@gmail.com,9283016020,Houston,KA,India,2022-12-09,Inactive
168,,Thomas,,7911981439,Bangalore,CA,India,2020-02-05,Active
169,Chris,Anderson,chris.anderson@yahoo.com,7202879171,Los Angeles,IL,India,2022-11-10,Pending
170,Jane,,,7870849081,New York,DL,India,2021-02-14,Pending
171,Michael,Sharma,michael.sharma@,9740782634,New York,BR,UK,2023-07-28,Inactive
172,Emily,Kumar,emily.kumar@gmail.com,7685616814,Los Angeles,TX,India,2023-10-22,Pending
173,Rahul,Sharma,,7123561564,Mumbai,AZ,UK,2023-06-06,Pending
174,Michael,Taylor,michael.taylor@gmail.com,7723916100,New York,CA,India,2019-01-15,Active
175,John,Martin,john.martin@mail.com,7874635718,Mumbai,DL,UK,2023-09-08,Active
176,Sarah,Kumar,sarah.kumar@example.com,9166100067,Houston,AZ,India,2021-06-03,Active
,,Smith,user.smith@mail.com,7346744294,Houston,NY,India,2023-08-14,Active
178,Emily,White,emily.white@,7533792925,New York,AZ,UK,2019-08-22,Pending
179,,White,user.white@mail.com,9042532594,New York,CA,India,2019-03-03,Pending
180,Chris,,chris.test@example.com,6690166028,Delhi,TX,UK,2019-02-24,Inactive
181,Robert,Smith,robert.smith@mail.com,9872312055,Patna,KA,India,2020-09-12,Inactive
182,Robert,Thomas,robert.thomas@,8755609606,Patna,BR,India,2022-10-30,Active
183,Sarah,Brown,sarah.brown@,6481236278,Los Angeles,NY,UK,2021-06-26,Active
184,Jane,,jane.test@mail.com,9955083246,Mumbai,IL,UK,2019-04-21,Inactive
185,Linda,Taylor,linda.taylor@mail.com,8549445925,Houston,KA,India,2022-10-20,Pending
186,Robert,Taylor,robert.taylor@example.com,7855723948,Houston,KA,USA,2019-07-28,Pending
187,Robert,Taylor,,8384057056,Los Angeles,DL,UK,2020-12-13,Inactive
188,Amit,Martin,,9928175315,Delhi,CA,UK,2020-03-04,Active
,,Smith,user.smith@mail.com,6104531149,Houston,BR,USA,2020-02-18,Pending
190,Linda,Harris,linda.harris@example.com,6714436406,Patna,IL,India,2019-03-04,Inactive
191,Neha,Martin,neha.martin@yahoo.com,7164439160,Chicago,AZ,USA,2019-03-19,Pending
192,Michael,Johnson,michael.johnson@gmail.com,6593368320,Chicago,KA,India,2022-04-28,Inactive
193,Sarah,Taylor,sarah.taylor@yahoo.com,7094069904,Chicago,MH,USA,2020-10-10,Active
194,,Harris,user.harris@gmail.com,9849058947,Delhi,TX,USA,2023-01-24,Active
195,Rahul,Anderson,rahul.anderson@yahoo.com,8014221527,Mumbai,DL,USA,2019-10-16,Active
196,Amit,,amit.test@mail.com,8083143430,Los Angeles,TX,India,2022-07-22,Active
197,Michael,,michael.test@example.com,7738524355,Mumbai,TX,UK,2023-04-18,Active
198,,Brown,,6445424836,Mumbai,CA,USA,2020-07-08,Active
199,Priya,Kumar,priya.kumar@gmail.com,7405898777,Delhi,BR,UK,2020-06-11,Inactive
200,Chris,Johnson,chris.johnson@yahoo.com,9290516384,Mumbai,MH,USA,2022-04-10,Active
201,,Jackson,user.jackson@,9514437819,Delhi,CA,India,2024-03-06,Active
202,Chris,,chris.test@mail.com,7744571232,Delhi,KA,India,2024-03-10,Pending
203,Neha,Martin,neha.martin@gmail.com,9847581652,Bangalore,CA,UK,2022-04-29,Active
204,,Thomas,user.thomas@gmail.com,7340246079,Mumbai,DL,USA,2023-01-11,Pending
205,,Kumar,user.kumar@,9397468903,Phoenix,IL,India,2022-06-08,Inactive
206,,Harris,user.harris@,7961101546,Delhi,TX,UK,2024-04-14,Active
207,Chris,,chris.test@gmail.com,8846696368,Bangalore,AZ,India,2019-12-31,Pending
208,Robert,Brown,robert.brown@,6029056046,Houston,DL,USA,2019-04-08,Pending
209,Linda,,linda.test@gmail.com,9242422338,Bangalore,NY,India,2021-02-19,Inactive
210,Linda,White,linda.white@example.com,7850440422,Phoenix,AZ,USA,2019-01-31,Pending
211,,Brown,,7344308515,Mumbai,TX,UK,2023-08-19,Pending
,,,user.test@gmail.com,7081156410,Phoenix,MH,USA,2021-04-18,Active
213,,Johnson,user.johnson@gmail.com,7250629786,Bangalore,TX,UK,2022-12-07,Pending
214,,Sharma,user.sharma@example.com,7059276237,Bangalore,AZ,UK,2023-09-03,Pending
215,Jane,Thomas,jane.thomas@,7223993770,Phoenix,DL,UK,2023-12-10,Active
216,,,user.test@gmail.com,9449858630,Delhi,TX,UK,2022-01-24,Pending
217,Michael,Jackson,michael.jackson@example.com,9716895790,Mumbai,BR,UK,2019-05-08,Pending
218,Michael,Johnson,michael.johnson@mail.com,8409799192,Delhi,MH,UK,2024-01-29,Inactive
219,David,Brown,david.brown@yahoo.com,7722821181,Los Angeles,CA,India,2019-02-01,Active
220,Rahul,White,rahul.white@mail.com,6996348210,New York,MH,USA,2021-08-29,Inactive
221,Priya,Harris,priya.harris@mail.com,7165399798,Phoenix,BR,UK,2019-01-09,Inactive
222,Robert,Johnson,robert.johnson@yahoo.com,8431618874,Chicago,TX,UK,2023-01-17,Pending
223,Michael,Harris,michael.harris@example.com,6688862038,Phoenix,CA,India,2020-04-26,Pending
224,Emily,Taylor,,9023594268,Phoenix,DL,India,2022-02-02,Pending
225,,Smith,user.smith@yahoo.com,9552467968,Bangalore,CA,UK,2022-05-16,Active
226,Priya,Brown,priya.brown@example.com,6676768794,Los Angeles,AZ,USA,2019-12-23,Inactive
227,,Martin,user.martin@mail.com,6929915119,Mumbai,CA,India,2020-12-07,Pending
228,Jane,,jane.test@yahoo.com,9413242991,New York,NY,USA,2023-11-11,Active
229,Robert,Johnson,robert.johnson@,8212364989,Phoenix,DL,UK,2022-03-05,Pending
230,,Anderson,user.anderson@example.com,6158052002,Phoenix,DL,India,2019-03-23,Active
231,Robert,Kumar,robert.kumar@mail.com,9655049522,Patna,DL,India,2020-03-23,Inactive
232,Emily,Martin,,8265123287,Delhi,TX,USA,2022-09-17,Inactive
233,Neha,Martin,neha.martin@mail.com,8243209868,Delhi,MH,USA,2021-08-27,Pending
234,Rahul,Johnson,rahul.johnson@example.com,7332207268,Los Angeles,CA,India,2022-01-13,Active
235,Michael,Thomas,michael.thomas@example.com,8921758892,Mumbai,AZ,India,2022-01-02,Pending
236,Robert,Anderson,robert.anderson@mail.com,8639130914,Houston,NY,UK,2023-08-10,Pending
237,Anna,Brown,anna.brown@mail.com,6445630000,Phoenix,TX,UK,2019-12-27,Active
238,Jane,,jane.test@yahoo.com,7033722148,Mumbai,MH,India,2019-10-11,Inactive
239,Rahul,Johnson,rahul.johnson@gmail.com,7118657708,Houston,CA,USA,2020-07-28,Inactive
240,,Kumar,user.kumar@mail.com,7431253365,Houston,MH,USA,2022-12-04,Inactive
241,,Kumar,user.kumar@mail.com,8460626185,Bangalore,MH,USA,2021-04-27,Pending
242,Michael,Brown,michael.brown@yahoo.com,9691247142,New York,KA,USA,2020-05-29,Active
243,,,user.test@,8679428460,Chicago,MH,UK,2020-06-08,Pending
244,Rahul,Smith,rahul.smith@mail.com,6434415174,Patna,IL,USA,2019-10-30,Inactive
245,,Johnson,user.johnson@yahoo.com,7630985263,Houston,KA,UK,2020-09-20,Pending
246,Rahul,,rahul.test@gmail.com,7012585307,New York,TX,USA,2019-07-31,Pending
247,Rahul,,,6208694934,Los Angeles,TX,USA,2020-09-13,Inactive
248,Emily,Brown,,9542864395,Mumbai,BR,UK,2020-01-24,Active
249,,Anderson,user.anderson@,9396292863,Mumbai,BR,USA,2024-04-11,Inactive
250,John,Thomas,john.thomas@example.com,9484292284,Mumbai,TX,India,2019-12-01,Active
251,Robert,,,9288070833,Los Angeles,KA,UK,2023-03-25,Inactive
252,John,Thomas,john.thomas@example.com,7063954798,Houston,KA,UK,2023-03-05,Inactive
253,Anna,Johnson,anna.johnson@,7129821057,New York,TX,UK,2022-12-14,Inactive
254,Linda,Harris,,7801948507,Phoenix,IL,India,2023-08-11,Inactive
255,Jane,Taylor,jane.taylor@example.com,9111845184,Patna,KA,UK,2022-08-27,Active
256,,Harris,,9906462340,Patna,BR,UK,2022-01-25,Active
257,John,White,,8067886972,Phoenix,BR,India,2020-01-15,Inactive
,,Thomas,,8310249294,Phoenix,MH,India,2021-06-02,Inactive
259,Linda,Taylor,,8656702574,Bangalore,AZ,USA,2020-06-18,Pending
260,John,Jackson,john.jackson@mail.com,9732775088,Patna,MH,India,2022-02-18,Pending
261,David,,david.test@,8664770724,Patna,IL,UK,2019-09-16,Active
262,Chris,Smith,chris.smith@gmail.com,7925816036,Houston,IL,UK,2022-06-05,Pending
263,Chris,Harris,chris.harris@gmail.com,9121822451,Patna,IL,USA,2021-08-23,Inactive
264,Anna,Harris,,8233337310,Bangalore,DL,India,2022-03-17,Pending
265,Priya,Brown,priya.brown@,7489673716,Los Angeles,MH,UK,2024-05-07,Pending
266,Priya,,priya.test@yahoo.com,6116641056,Mumbai,MH,USA,2020-07-02,Pending
267,Neha,Thomas,neha.thomas@,8858263115,Chicago,NY,UK,2024-06-07,Active
268,Priya,White,priya.white@yahoo.com,7753128744,Chicago,IL,India,2022-12-03,Active
269,Chris,Johnson,chris.johnson@mail.com,9328465130,Patna,KA,USA,2023-03-28,Pending
270,,Martin,user.martin@gmail.com,7746273158,Los Angeles,MH,USA,2020-03-29,Active
271,Rahul,Sharma,rahul.sharma@example.com,8426277723,Phoenix,MH,USA,2019-06-20,Active
272,Michael,,michael.test@yahoo.com,6938051626,Los Angeles,DL,USA,2022-02-21,Pending
273,,White,user.white@gmail.com,7461935790,Delhi,NY,USA,2023-08-06,Pending
274,Sarah,Harris,sarah.harris@,8086616352,Patna,TX,India,2024-06-10,Inactive
275,Anna,Jackson,anna.jackson@mail.com,6830256821,Houston,AZ,India,2020-03-30,Active
276,Michael,Sharma,michael.sharma@example.com,7114319433,New York,CA,USA,2022-03-27,Pending
277,Anna,Jackson,,8114971235,Los Angeles,IL,UK,2020-07-22,Pending
,Neha,,,8266956593,New York,TX,USA,2019-03-18,Inactive
279,Rahul,Kumar,rahul.kumar@yahoo.com,8885161145,Chicago,DL,India,2023-03-02,Active
280,Emily,Sharma,emily.sharma@example.com,9399268203,Delhi,MH,UK,2019-01-24,Inactive
281,Chris,Thomas,chris.thomas@,7940578213,Delhi,CA,UK,2022-05-18,Pending
282,David,Sharma,david.sharma@example.com,7556345432,Houston,KA,UK,2021-01-03,Inactive
283,Neha,Thomas,neha.thomas@example.com,9489360513,Phoenix,TX,USA,2022-03-01,Active
284,Jane,Brown,jane.brown@,7058783821,Mumbai,KA,UK,2021-03-02,Pending
285,Sarah,,sarah.test@yahoo.com,7183166271,Los Angeles,IL,India,2022-06-23,Active
286,,Smith,,9426682785,Delhi,NY,UK,2022-12-26,Inactive
287,Michael,,michael.test@,8107874319,Bangalore,NY,UK,2020-09-17,Inactive
288,Emily,Johnson,emily.johnson@example.com,6539937741,Delhi,AZ,USA,2024-03-17,Active
289,Priya,Sharma,priya.sharma@yahoo.com,6935980787,New York,MH,India,2023-02-08,Active
290,Anna,White,,8798062446,Houston,KA,USA,2020-09-30,Active
291,Chris,Kumar,,8274887331,Phoenix,IL,USA,2023-01-03,Inactive
292,Rahul,Sharma,rahul.sharma@gmail.com,6111925565,Patna,AZ,India,2024-03-07,Pending
293,Priya,Harris,priya.harris@example.com,8638687699,Phoenix,KA,UK,2021-07-17,Active
294,Robert,Johnson,,9076970619,Los Angeles,TX,India,2024-05-13,Inactive
,Rahul,Brown,rahul.brown@yahoo.com,9577318067,Delhi,KA,India,2021-05-25,Inactive
296,Sarah,Johnson,sarah.johnson@mail.com,9306952680,Bangalore,IL,USA,2020-10-04,Inactive
297,Michael,Thomas,michael.thomas@mail.com,7952923227,Bangalore,NY,USA,2022-03-08,Inactive
298,Rahul,Harris,rahul.harris@gmail.com,9575210224,New York,IL,India,2021-02-05,Active
299,,Smith,user.smith@mail.com,7348960485,Mumbai,AZ,UK,2019-04-17,Pending
300,,,user.test@gmail.com,8824113112,Mumbai,IL,USA,2021-08-08,Inactive
301,Sarah,Taylor,sarah.taylor@gmail.com,6646278186,Los Angeles,DL,UK,2024-06-10,Inactive
302,Rahul,Harris,rahul.harris@example.com,7605386113,Chicago,MH,USA,2020-08-20,Inactive
303,Anna,,anna.test@example.com,8506254112,Patna,NY,India,2020-01-22,Pending
304,Neha,,neha.test@gmail.com,8169825383,Chicago,AZ,USA,2024-06-16,Inactive
,Amit,,amit.test@,9009416296,Houston,KA,India,2023-07-16,Pending
306,Michael,Johnson,michael.johnson@gmail.com,9671362479,New York,TX,India,2022-08-21,Active
307,Anna,Smith,anna.smith@yahoo.com,9768820900,New York,NY,India,2022-05-30,Inactive
308,Emily,White,emily.white@,9290137770,Phoenix,NY,USA,2021-09-16,Active
309,Linda,Thomas,linda.thomas@mail.com,9033392218,Houston,KA,India,2022-11-22,Pending
310,Linda,Johnson,linda.johnson@,7598664096,Houston,NY,UK,2024-04-10,Active
311,Amit,,,8733020120,Delhi,TX,UK,2022-02-16,Pending
312,Amit,,,9160013568,Los Angeles,TX,USA,2024-02-16,Inactive
313,Anna,,anna.test@yahoo.com,7794966721,Houston,KA,USA,2022-10-29,Inactive
314,Linda,Brown,,6002260827,New York,AZ,USA,2022-02-17,Active
315,Rahul,,rahul.test@mail.com,8545880301,New York,IL,USA,2021-03-19,Active
316,David,Harris,david.harris@mail.com,7990621031,Chicago,KA,UK,2024-01-03,Pending
317,,Taylor,,6794318836,Phoenix,MH,UK,2019-08-26,Pending
318,Jane,Harris,jane.harris@mail.com,6586388325,New York,TX,India,2023-11-29,Active
319,,,,9483393615,Delhi,AZ,UK,2024-04-14,Active
320,Jane,White,jane.white@mail.com,6628596342,Phoenix,IL,USA,2021-10-04,Active
321,Linda,,linda.test@gmail.com,8745936339,New York,DL,India,2024-05-23,Pending
322,Chris,Brown,chris.brown@mail.com,8380587320,Delhi,DL,USA,2021-06-29,Inactive
323,Neha,White,,7955431478,Patna,BR,UK,2024-04-26,Inactive
324,Rahul,White,rahul.white@yahoo.com,6933529243,Bangalore,TX,USA,2019-08-19,Inactive
325,Anna,,anna.test@,9383708091,Los Angeles,CA,USA,2023-06-02,Inactive
326,Amit,Kumar,,9469181199,Houston,DL,USA,2023-04-14,Active
327,David,White,david.white@mail.com,8276317417,Phoenix,BR,India,2020-03-16,Active
,Michael,Thomas,michael.thomas@example.com,6752930338,Mumbai,DL,UK,2022-11-12,Inactive
329,Rahul,,rahul.test@gmail.com,8951554063,Patna,TX,India,2023-06-15,Inactive
330,Rahul,Jackson,rahul.jackson@yahoo.com,8052172092,Chicago,NY,USA,2021-10-24,Pending
,Robert,,robert.test@,8085754243,Phoenix,AZ,India,2019-01-24,Active
332,Amit,,amit.test@,8225504412,New York,TX,USA,2023-02-06,Active
333,John,Smith,john.smith@yahoo.com,8624157926,Chicago,TX,India,2021-09-02,Active
334,Sarah,Smith,,8950199731,Houston,CA,USA,2021-06-02,Inactive
335,,Brown,user.brown@mail.com,7328756507,New York,BR,USA,2022-09-24,Pending
336,Anna,White,anna.white@example.com,8731253245,Chicago,BR,India,2021-08-08,Active
337,Rahul,Anderson,,8411926898,Los Angeles,MH,India,2023-04-11,Active
338,Amit,Sharma,,9428856798,Los Angeles,TX,India,2021-08-26,Active
339,Amit,White,amit.white@yahoo.com,8623872723,Chicago,NY,India,2023-07-15,Active
340,Neha,Harris,neha.harris@gmail.com,6192255093,New York,NY,India,2022-09-12,Active
341,,Brown,user.brown@example.com,9874416575,Phoenix,NY,India,2023-10-04,Pending
,Priya,Johnson,priya.johnson@mail.com,7152282085,Delhi,NY,India,2019-05-25,Pending
343,Neha,Harris,,7647693677,Delhi,DL,India,2020-12-15,Active
344,,,user.test@mail.com,8325245257,Bangalore,AZ,UK,2022-01-04,Pending
345,John,Harris,john.harris@,6223455161,Los Angeles,NY,India,2019-01-11,Inactive
346,Neha,Brown,neha.brown@,8180201131,Mumbai,TX,India,2023-04-26,Pending
347,Michael,Thomas,michael.thomas@example.com,6840566726,Delhi,KA,UK,2024-05-20,Active
348,Chris,Thomas,chris.thomas@mail.com,8752068226,Bangalore,BR,UK,2021-02-25,Inactive
349,Robert,Smith,robert.smith@gmail.com,7985900296,Mumbai,MH,USA,2019-03-26,Inactive
350,Robert,,,6274047935,Bangalore,TX,USA,2021-01-05,Inactive
351,,,user.test@example.com,7712535638,Mumbai,CA,USA,2022-11-16,Inactive
352,Robert,White,robert.white@gmail.com,9248882981,Mumbai,NY,UK,2020-12-26,Inactive
353,Amit,,amit.test@gmail.com,9743789087,Patna,BR,USA,2024-01-09,Inactive
354,Rahul,Thomas,rahul.thomas@yahoo.com,6853139412,Bangalore,BR,USA,2023-03-06,Inactive
355,Rahul,Smith,rahul.smith@gmail.com,6719945848,Delhi,CA,UK,2023-04-27,Pending
356,,,user.test@example.com,6912744450,Los Angeles,TX,India,2019-07-26,Active
357,Chris,Johnson,chris.johnson@example.com,9865999766,Los Angeles,DL,India,2024-02-18,Active
358,Linda,White,linda.white@gmail.com,7696911462,Houston,BR,USA,2021-10-05,Pending
359,Emily,Thomas,emily.thomas@,9790463833,Houston,MH,India,2020-03-23,Pending
360,Sarah,Thomas,,7197297652,Patna,IL,UK,2024-04-05,Active
361,Neha,,,9249945107,Delhi,NY,UK,2020-03-05,Active
362,Sarah,Johnson,sarah.johnson@example.com,9034754741,Houston,CA,India,2024-05-25,Active
363,John,Brown,john.brown@gmail.com,6110901760,Los Angeles,IL,USA,2021-02-26,Pending
364,David,Anderson,david.anderson@mail.com,9950648045,New York,BR,India,2021-08-13,Inactive
365,,Jackson,user.jackson@yahoo.com,9499985732,Houston,CA,India,2021-12-22,Pending
,Rahul,Kumar,rahul.kumar@gmail.com,6005440833,Patna,NY,India,2021-03-31,Pending
,Amit,Taylor,amit.taylor@yahoo.com,8573181996,Bangalore,TX,UK,2021-09-03,Active
368,Sarah,Martin,sarah.martin@mail.com,8942625033,New York,DL,UK,2022-05-24,Active
369,Jane,Anderson,jane.anderson@mail.com,6110642161,Bangalore,DL,India,2021-05-09,Active
370,Anna,White,anna.white@yahoo.com,8311879022,Patna,DL,India,2024-02-15,Active
371,Emily,Taylor,emily.taylor@example.com,8103510017,Bangalore,BR,UK,2023-05-09,Active
372,John,Taylor,john.taylor@example.com,7801051200,Houston,TX,India,2022-03-12,Inactive
373,Emily,Johnson,emily.johnson@example.com,7621994410,Patna,MH,India,2020-12-25,Pending
374,Robert,Brown,robert.brown@gmail.com,9959441618,New York,KA,USA,2022-02-03,Pending
375,Michael,Jackson,michael.jackson@yahoo.com,8761945797,Chicago,DL,UK,2020-05-21,Pending
376,Rahul,Brown,,7207689637,Delhi,BR,UK,2021-09-07,Inactive
377,Emily,Johnson,emily.johnson@example.com,7773648617,Patna,BR,India,2023-08-28,Inactive
378,Chris,Martin,chris.martin@mail.com,8779445276,New York,IL,India,2021-07-02,Inactive
379,Emily,Harris,emily.harris@mail.com,6300461188,Chicago,CA,USA,2024-04-05,Pending
380,Neha,Taylor,,6676353255,Los Angeles,MH,UK,2019-07-12,Active
381,Chris,Thomas,chris.thomas@yahoo.com,9335649017,Phoenix,NY,India,2023-08-12,Inactive
382,,Thomas,user.thomas@gmail.com,6771351502,Houston,TX,UK,2020-10-16,Active
383,,Harris,user.harris@mail.com,7501745988,Houston,KA,USA,2021-06-21,Active
384,Neha,Brown,neha.brown@example.com,8774595948,New York,AZ,USA,2022-10-27,Active
385,Amit,Thomas,amit.thomas@mail.com,6844676681,Mumbai,IL,USA,2021-08-07,Pending
386,Emily,Martin,,8231182442,Chicago,KA,India,2023-01-02,Inactive
387,Priya,Anderson,priya.anderson@,6193843436,Houston,BR,UK,2019-09-03,Active
388,Neha,,neha.test@gmail.com,9934947256,Chicago,DL,UK,2022-11-03,Inactive
389,Emily,Smith,emily.smith@yahoo.com,9772772111,Los Angeles,TX,USA,2024-05-05,Inactive
390,Emily,,emily.test@gmail.com,8327846645,Patna,MH,India,2023-10-14,Active
391,Linda,,linda.test@mail.com,8584671722,New York,IL,UK,2023-04-22,Inactive
392,David,Martin,david.martin@example.com,6915358767,New York,KA,USA,2023-10-07,Pending
393,Amit,Kumar,amit.kumar@mail.com,9005182897,Bangalore,AZ,UK,2021-10-08,Inactive
394,Chris,Jackson,chris.jackson@gmail.com,6511213415,Chicago,NY,USA,2021-03-16,Inactive
395,David,Thomas,david.thomas@yahoo.com,9217107176,Patna,IL,USA,2022-06-18,Pending
396,John,White,john.white@mail.com,8860678119,Houston,MH,India,2022-02-08,Inactive
397,Linda,Brown,linda.brown@yahoo.com,7936479831,Bangalore,MH,UK,2023-09-24,Inactive
398,Michael,,,9225506764,Chicago,NY,India,2021-06-10,Inactive
399,,,user.test@yahoo.com,8161778240,Mumbai,NY,India,2022-04-11,Active
400,Michael,White,michael.white@,9164775444,New York,BR,UK,2023-01-07,Pending
401,Neha,Brown,neha.brown@gmail.com,7091654888,Los Angeles,BR,UK,2019-07-27,Inactive
402,Rahul,Harris,rahul.harris@yahoo.com,7205160150,Delhi,MH,USA,2019-02-06,Active
403,Sarah,,sarah.test@yahoo.com,8492720560,New York,IL,UK,2023-09-19,Pending
404,John,Martin,john.martin@yahoo.com,8696069691,Chicago,IL,India,2019-09-11,Inactive
,Rahul,Martin,rahul.martin@gmail.com,8160284569,Bangalore,IL,USA,2020-11-04,Active
406,Jane,Jackson,jane.jackson@mail.com,6819738770,Phoenix,TX,USA,2020-02-01,Pending
407,Priya,Martin,priya.martin@yahoo.com,7312619016,Bangalore,IL,USA,2021-07-01,Active
408,Jane,Harris,jane.harris@example.com,8639418257,Phoenix,CA,India,2020-08-01,Inactive
409,Sarah,Martin,sarah.martin@example.com,7455071192,Mumbai,TX,UK,2022-07-20,Pending
410,Anna,Sharma,anna.sharma@gmail.com,9247018591,Bangalore,BR,USA,2022-08-20,Active
411,Rahul,Brown,rahul.brown@mail.com,8412834501,Patna,IL,USA,2020-09-18,Pending
412,Linda,Sharma,linda.sharma@example.com,6690773436,Houston,BR,UK,2024-05-14,Pending
413,Anna,Harris,anna.harris@,9251368868,Chicago,MH,India,2021-07-16,Inactive
414,Emily,Smith,emily.smith@yahoo.com,8678068635,Mumbai,DL,UK,2021-10-08,Inactive
415,Emily,White,emily.white@,7252098704,Mumbai,KA,India,2019-08-22,Pending
416,Rahul,Harris,rahul.harris@yahoo.com,8850873285,Los Angeles,CA,UK,2022-06-06,Active
417,,Jackson,user.jackson@,7405214455,Patna,DL,USA,2023-03-31,Inactive
418,Linda,Taylor,linda.taylor@gmail.com,6556038040,Los Angeles,IL,USA,2023-01-02,Inactive
419,Robert,Smith,robert.smith@gmail.com,8303004398,Mumbai,TX,USA,2022-09-06,Pending
420,Neha,Harris,neha.harris@example.com,8460927808,Delhi,BR,India,2023-03-15,Pending
421,Chris,White,,9714467660,Patna,CA,UK,2020-07-18,Inactive
422,Sarah,,,9495191034,Bangalore,CA,India,2023-11-21,Inactive
423,,White,user.white@example.com,9869796174,Phoenix,DL,India,2021-06-07,Pending
424,Rahul,,,9684894890,Los Angeles,NY,India,2021-01-03,Pending
425,Robert,Smith,robert.smith@example.com,6609703718,Phoenix,DL,USA,2019-12-21,Inactive
426,Linda,Jackson,,9163777103,Mumbai,KA,India,2019-07-07,Inactive
427,Amit,Johnson,amit.johnson@example.com,6426894772,Mumbai,BR,USA,2022-07-31,Active
428,Anna,Sharma,anna.sharma@gmail.com,7362253709,Bangalore,CA,UK,2023-10-20,Active
429,,Jackson,user.jackson@,8094247571,Mumbai,TX,USA,2020-12-12,Active
430,David,Anderson,david.anderson@example.com,7902734956,Bangalore,TX,USA,2021-10-13,Active
,Robert,Taylor,robert.taylor@mail.com,7561689906,Los Angeles,TX,USA,2020-02-01,Active
432,Priya,,priya.test@,6646626835,Chicago,KA,USA,2021-08-01,Active
433,Amit,Martin,amit.martin@gmail.com,8743618244,Delhi,IL,UK,2024-01-14,Inactive
434,Sarah,Brown,,9721073947,Delhi,CA,USA,2019-09-17,Active
435,Emily,White,emily.white@gmail.com,7866882583,Chicago,BR,India,2021-11-17,Pending
436,,Smith,user.smith@mail.com,7447728535,Houston,CA,UK,2023-07-15,Pending
437,Robert,,robert.test@mail.com,8482462288,Houston,NY,UK,2023-01-29,Pending
438,,,user.test@gmail.com,6181202001,Houston,TX,UK,2021-02-18,Inactive
439,Sarah,Smith,sarah.smith@yahoo.com,7174248655,Phoenix,KA,India,2023-11-11,Pending
,Rahul,Jackson,rahul.jackson@gmail.com,9349240063,Mumbai,CA,India,2023-02-18,Pending
441,Michael,Kumar,michael.kumar@mail.com,9468953344,Delhi,NY,India,2019-01-19,Inactive
442,Priya,Anderson,priya.anderson@,6132916163,Chicago,DL,India,2021-08-28,Inactive
443,Sarah,Harris,,7009165113,Phoenix,CA,USA,2020-05-24,Inactive
444,,Jackson,user.jackson@yahoo.com,7634368564,Delhi,TX,India,2023-02-04,Pending
445,Amit,Thomas,amit.thomas@yahoo.com,9401590984,Chicago,IL,USA,2019-08-06,Inactive
446,,Harris,user.harris@gmail.com,7985835428,Bangalore,BR,India,2019-04-19,Pending
447,,,user.test@gmail.com,9242689673,New York,CA,India,2022-08-29,Active
448,Rahul,Taylor,rahul.taylor@gmail.com,8216936925,Houston,NY,UK,2019-12-12,Inactive
449,Priya,Smith,priya.smith@yahoo.com,9380349697,New York,TX,India,2023-09-02,Inactive
450,Chris,,chris.test@mail.com,6794298993,Chicago,AZ,UK,2021-02-07,Active
451,Amit,Jackson,amit.jackson@gmail.com,7143643649,Delhi,KA,UK,2020-12-02,Inactive
452,Jane,,jane.test@,9436461650,Chicago,NY,USA,2023-06-29,Pending
453,Rahul,White,rahul.white@gmail.com,8099539780,Chicago,AZ,India,2019-09-07,Active
454,Neha,Taylor,neha.taylor@yahoo.com,9299606033,Patna,CA,UK,2020-08-01,Pending
455,Anna,Anderson,anna.anderson@mail.com,7544017995,Chicago,NY,USA,2019-12-15,Active
456,John,Harris,john.harris@example.com,7438819242,Los Angeles,AZ,India,2023-08-25,Inactive
457,,Harris,user.harris@mail.com,8250308265,Bangalore,CA,India,2022-03-06,Active
458,,Martin,,9797601655,Bangalore,AZ,India,2021-01-27,Active
459,Jane,Johnson,jane.johnson@mail.com,6128102525,Houston,TX,USA,2021-01-10,Pending
460,Rahul,Johnson,rahul.johnson@yahoo.com,9222666865,Delhi,BR,India,2022-06-17,Inactive
461,Michael,Harris,michael.harris@gmail.com,6140310354,Los Angeles,DL,India,2023-12-28,Active
462,Neha,Jackson,neha.jackson@mail.com,6151232615,Los Angeles,AZ,UK,2019-06-14,Inactive
463,Neha,Smith,neha.smith@gmail.com,8324610873,New York,DL,India,2023-03-24,Active
464,,Kumar,user.kumar@,7164074747,Phoenix,BR,India,2020-01-27,Active
465,Chris,White,chris.white@example.com,7551751438,Mumbai,BR,USA,2024-06-11,Pending
466,Rahul,Martin,,8070552307,Patna,NY,UK,2021-08-06,Pending
467,Rahul,Taylor,rahul.taylor@gmail.com,9432119690,Chicago,TX,UK,2024-06-09,Active
468,Linda,Kumar,linda.kumar@example.com,9098343739,Delhi,IL,India,2023-06-21,Inactive
,Anna,Harris,,8653078770,Phoenix,IL,UK,2022-02-13,Pending
470,Jane,Jackson,jane.jackson@gmail.com,9109200964,Delhi,TX,India,2022-03-12,Pending
471,Jane,Jackson,jane.jackson@mail.com,9836791810,Houston,MH,UK,2019-12-23,Active
472,,Harris,user.harris@,6043313202,Bangalore,CA,India,2021-05-24,Active
473,Robert,White,robert.white@mail.com,9724475286,Mumbai,NY,USA,2022-01-11,Inactive
474,John,Jackson,john.jackson@,6278883152,Patna,DL,India,2022-09-29,Pending
475,David,Taylor,david.taylor@example.com,6402493943,Phoenix,IL,USA,2022-07-08,Pending
476,Anna,Anderson,anna.anderson@gmail.com,9417404722,Bangalore,IL,USA,2022-01-01,Active
477,Michael,Martin,michael.martin@yahoo.com,9081758120,Delhi,DL,India,2024-06-09,Inactive
478,,White,user.white@yahoo.com,6953097166,Los Angeles,TX,India,2022-06-06,Inactive
,Amit,Anderson,amit.anderson@,6985241143,Houston,IL,USA,2021-11-10,Active
480,David,,david.test@example.com,6325250998,Delhi,MH,USA,2020-03-20,Pending
481,John,White,john.white@yahoo.com,8149772073,New York,IL,UK,2019-01-25,Active
482,,,user.test@example.com,6071037813,Mumbai,AZ,UK,2023-04-02,Active
483,Priya,Johnson,priya.johnson@,7017391981,Mumbai,NY,USA,2019-11-13,Pending
484,Jane,White,jane.white@gmail.com,7182477406,Los Angeles,KA,USA,2023-12-23,Inactive
485,Amit,Sharma,,7385265748,Chicago,KA,UK,2020-10-02,Inactive
486,Rahul,Johnson,rahul.johnson@mail.com,6309140625,Chicago,CA,USA,2020-07-13,Pending
487,Anna,Harris,anna.harris@gmail.com,7550520846,Phoenix,AZ,UK,2023-02-18,Inactive
488,Chris,Smith,chris.smith@yahoo.com,6011965512,Phoenix,AZ,USA,2020-04-20,Inactive
489,,Sharma,user.sharma@gmail.com,6859156555,Houston,TX,USA,2022-07-09,Inactive
490,John,Anderson,john.anderson@yahoo.com,9127065911,New York,TX,India,2024-04-22,Active
491,Amit,,,7135735611,Bangalore,NY,India,2020-05-10,Inactive
492,John,Anderson,john.anderson@,7477658367,Patna,CA,UK,2021-07-16,Inactive
493,David,Jackson,david.jackson@example.com,9130300997,Los Angeles,BR,UK,2019-06-01,Inactive
494,Michael,Taylor,michael.taylor@yahoo.com,8910418317,Delhi,TX,USA,2020-07-29,Active
495,Jane,Kumar,jane.kumar@example.com,6910611238,Patna,IL,UK,2024-01-28,Inactive
496,Jane,Sharma,,6698643397,Los Angeles,DL,USA,2022-01-10,Pending
497,Emily,,,7692400096,Bangalore,CA,UK,2024-04-23,Active
498,Priya,Brown,priya.brown@example.com,7197410873,Patna,BR,UK,2022-04-27,Pending
499,Jane,Johnson,jane.johnson@yahoo.com,8630229115,Mumbai,TX,USA,2019-07-02,Pending
500,Rahul,Harris,rahul.harris@gmail.com,6411544655,Los Angeles,MH,UK,2022-03-11,Active
501,Anna,Thomas,,8078401834,Bangalore,NY,India,2022-06-18,Active
502,Jane,Taylor,,9076115337,Phoenix,NY,USA,2020-04-21,Inactive
503,Sarah,Jackson,,8779216984,Houston,KA,UK,2021-08-17,Pending
504,Chris,Harris,chris.harris@mail.com,9066789393,Los Angeles,IL,India,2023-11-21,Active
505,Chris,Anderson,chris.anderson@gmail.com,9812219552,Los Angeles,MH,UK,2021-05-22,Pending
506,Priya,Sharma,priya.sharma@yahoo.com,6557978520,Chicago,CA,USA,2019-02-27,Active
,,Kumar,,8316574428,Phoenix,BR,USA,2021-08-11,Pending
,,Kumar,,6429669451,Mumbai,NY,India,2020-03-08,Inactive
509,,Harris,user.harris@yahoo.com,7561350484,New York,DL,UK,2019-04-11,Active
510,David,Smith,david.smith@mail.com,7880858155,Delhi,KA,UK,2023-02-02,Active
511,Chris,Johnson,chris.johnson@,8916292672,Phoenix,CA,India,2021-05-11,Pending
512,John,Jackson,john.jackson@example.com,8182179493,Los Angeles,NY,USA,2023-01-12,Inactive
513,Michael,Harris,michael.harris@example.com,6764386168,Houston,MH,USA,2022-12-19,Active
514,Amit,Thomas,amit.thomas@example.com,6466152262,Chicago,BR,USA,2020-02-03,Active
515,Sarah,Smith,sarah.smith@example.com,9647956237,Phoenix,DL,UK,2021-12-05,Pending
516,Michael,Martin,michael.martin@,8325344193,Patna,DL,USA,2020-07-19,Active
517,Anna,Taylor,,7071755308,Mumbai,CA,USA,2023-09-12,Pending
518,Emily,Brown,emily.brown@yahoo.com,8943457770,Bangalore,BR,UK,2019-02-09,Pending
519,Linda,,linda.test@example.com,7796335362,New York,KA,USA,2022-05-13,Pending
,Linda,,linda.test@,8462071111,Phoenix,IL,UK,2019-04-21,Pending
521,John,Brown,john.brown@example.com,9612285298,Patna,NY,UK,2022-04-10,Inactive
522,,Martin,,9753169278,Chicago,CA,UK,2020-12-17,Pending
523,Priya,Johnson,,7470573955,Patna,IL,USA,2020-04-29,Active
524,Sarah,White,sarah.white@example.com,9951447210,Houston,KA,USA,2023-04-08,Pending
525,Michael,White,michael.white@,8636584599,Los Angeles,CA,India,2023-05-14,Pending
526,Neha,Taylor,neha.taylor@,9817268612,Delhi,IL,India,2023-03-07,Active
527,Michael,Brown,michael.brown@mail.com,9706115556,New York,TX,UK,2020-06-03,Inactive
528,Chris,,chris.test@example.com,9129345925,Phoenix,MH,USA,2020-09-07,Active
529,Linda,Harris,linda.harris@example.com,6078412689,Phoenix,CA,UK,2020-09-21,Inactive
530,Emily,Martin,emily.martin@mail.com,6069869682,Delhi,MH,USA,2023-01-03,Pending
531,Rahul,,rahul.test@mail.com,6372139857,Bangalore,MH,India,2023-02-25,Inactive
532,,,user.test@gmail.com,9266196116,Houston,IL,India,2020-12-05,Active
533,Neha,,neha.test@,9271535637,Chicago,KA,India,2021-01-09,Active
534,Linda,,linda.test@yahoo.com,8324491544,Houston,KA,India,2022-11-12,Inactive
535,Priya,Martin,,8207916720,Delhi,KA,USA,2020-06-11,Pending
536,,Martin,,9847032971,New York,NY,USA,2024-01-15,Pending
537,Jane,Jackson,jane.jackson@gmail.com,8153892125,Patna,TX,India,2021-12-19,Inactive
538,Neha,Martin,neha.martin@example.com,6906108418,Delhi,DL,USA,2020-06-25,Pending
539,,Kumar,user.kumar@yahoo.com,9249855268,New York,MH,USA,2022-09-28,Pending
540,Jane,,jane.test@example.com,8608090907,Bangalore,CA,India,2019-05-11,Pending
541,,Jackson,user.jackson@,7544182833,Patna,NY,UK,2020-07-28,Inactive
542,Emily,Johnson,,6760150401,Phoenix,CA,USA,2019-09-11,Pending
543,,White,user.white@yahoo.com,9844022607,Mumbai,TX,USA,2021-01-03,Pending
544,Priya,Kumar,priya.kumar@yahoo.com,9298149030,Phoenix,AZ,India,2023-07-09,Pending
545,Emily,Sharma,emily.sharma@mail.com,8462632674,New York,IL,USA,2023-08-28,Inactive
546,Sarah,Brown,sarah.brown@gmail.com,6633532336,Delhi,MH,USA,2019-10-03,Inactive
547,Linda,Sharma,linda.sharma@yahoo.com,6550658300,Bangalore,IL,UK,2023-02-21,Inactive
548,Jane,White,,7493997749,Houston,BR,USA,2020-10-30,Active
549,John,Jackson,john.jackson@gmail.com,9559004296,Houston,DL,India,2020-07-06,Inactive
550,Linda,Jackson,,8172243718,Phoenix,NY,UK,2023-02-24,Active
551,Sarah,,sarah.test@gmail.com,6032605023,Los Angeles,MH,India,2023-03-18,Pending
552,Chris,Smith,chris.smith@gmail.com,9055262607,Phoenix,BR,UK,2021-06-12,Inactive
553,Rahul,Brown,rahul.brown@gmail.com,8669066073,Patna,AZ,USA,2020-10-28,Inactive
554,Michael,Sharma,michael.sharma@gmail.com,6504239354,Chicago,IL,USA,2019-10-28,Pending
,Jane,Kumar,jane.kumar@yahoo.com,7734093568,Phoenix,NY,UK,2021-08-18,Pending
556,Jane,Sharma,jane.sharma@yahoo.com,6084101585,Houston,CA,India,2020-12-26,Active
,Jane,Thomas,jane.thomas@yahoo.com,6573488819,Houston,AZ,USA,2021-06-03,Active
558,Linda,Thomas,linda.thomas@gmail.com,7484073649,Houston,NY,UK,2022-12-21,Active
559,Rahul,Harris,rahul.harris@mail.com,7080680937,Chicago,TX,UK,2023-08-23,Inactive
,Amit,,amit.test@gmail.com,9596594838,Patna,NY,India,2024-02-29,Inactive
561,Chris,Sharma,chris.sharma@,7623403895,Los Angeles,CA,USA,2022-12-29,Inactive
562,Sarah,Smith,sarah.smith@mail.com,9847144769,Patna,AZ,India,2020-03-17,Inactive
563,Sarah,Sharma,,8183709812,Bangalore,IL,USA,2021-01-22,Inactive
564,Priya,Kumar,priya.kumar@yahoo.com,6019167905,New York,DL,USA,2022-09-12,Active
565,Robert,Jackson,robert.jackson@example.com,8174755658,Bangalore,KA,USA,2023-06-06,Active
566,Neha,Jackson,neha.jackson@mail.com,6193328286,Chicago,NY,India,2021-01-17,Pending
567,Priya,,priya.test@,9109676876,Bangalore,TX,UK,2021-05-29,Active
568,Sarah,Harris,sarah.harris@example.com,7797207506,Houston,CA,USA,2022-11-19,Pending
569,,,,8802593449,Mumbai,TX,USA,2023-12-01,Inactive
570,Anna,Taylor,anna.taylor@mail.com,8570459567,Los Angeles,MH,UK,2019-10-01,Pending
571,John,Martin,john.martin@example.com,7694241815,New York,TX,USA,2019-03-27,Pending
572,Chris,Sharma,chris.sharma@example.com,8083613380,Los Angeles,MH,USA,2019-11-24,Active
573,David,Harris,david.harris@yahoo.com,6822725012,Los Angeles,CA,UK,2022-02-28,Active
574,Chris,,chris.test@,6977640435,Delhi,KA,USA,2023-08-23,Inactive
,Chris,Taylor,,8729424223,Delhi,IL,UK,2020-01-04,Pending
576,Rahul,,,6457870524,Bangalore,IL,USA,2023-06-17,Inactive
577,,Anderson,user.anderson@mail.com,6516967153,Los Angeles,AZ,UK,2021-03-31,Inactive
578,Priya,Brown,,9027534260,Delhi,DL,India,2019-10-17,Pending
579,Amit,Sharma,amit.sharma@,9519309540,New York,DL,India,2022-02-12,Pending
580,Linda,,linda.test@yahoo.com,7546430457,New York,NY,UK,2021-11-18,Inactive
581,Emily,Kumar,emily.kumar@example.com,9712402950,Chicago,AZ,India,2019-08-26,Active
582,,Anderson,user.anderson@example.com,6894706369,Los Angeles,AZ,UK,2021-11-09,Active
583,Anna,Johnson,anna.johnson@mail.com,8045834187,Delhi,AZ,UK,2021-01-09,Active
584,Anna,Thomas,anna.thomas@gmail.com,8976137787,Bangalore,DL,USA,2022-06-18,Pending
585,Robert,Jackson,robert.jackson@mail.com,7396836252,Chicago,CA,USA,2020-01-05,Pending
586,Anna,,anna.test@yahoo.com,7776460712,New York,BR,India,2022-04-14,Pending
587,,Kumar,user.kumar@,8888322357,Chicago,CA,USA,2021-05-03,Pending
,Anna,Anderson,,6645137020,New York,AZ,UK,2019-09-12,Active
589,John,Anderson,john.anderson@yahoo.com,6676999204,Delhi,AZ,India,2019-09-11,Active
590,Jane,,jane.test@yahoo.com,7153293888,Bangalore,BR,USA,2019-10-14,Pending
591,Michael,Taylor,michael.taylor@yahoo.com,8822330296,Mumbai,TX,India,2023-12-06,Active
592,John,,john.test@gmail.com,7765989129,Houston,BR,India,2023-05-25,Inactive
593,,Johnson,user.johnson@mail.com,9116815018,Houston,CA,India,2019-10-19,Inactive
594,Robert,Taylor,robert.taylor@gmail.com,7973880383,Patna,KA,UK,2023-06-25,Pending
595,Robert,Harris,robert.harris@gmail.com,7853307884,Delhi,BR,UK,2021-10-15,Active
596,,White,user.white@yahoo.com,7907053101,Houston,KA,USA,2022-06-05,Inactive
597,Jane,Smith,jane.smith@example.com,6300188434,New York,DL,USA,2019-02-06,Pending
598,Emily,Anderson,emily.anderson@gmail.com,6017044505,Los Angeles,AZ,India,2022-03-29,Active
599,Linda,,linda.test@example.com,8346767282,Bangalore,NY,India,2021-03-04,Inactive
600,Robert,Anderson,robert.anderson@yahoo.com,6146226803,Phoenix,CA,USA,2022-04-17,Pending
601,Chris,,chris.test@mail.com,6200747856,Mumbai,MH,USA,2020-03-01,Active
602,John,,john.test@gmail.com,9547655974,Chicago,KA,USA,2020-08-05,Inactive
603,Anna,Sharma,,6912670031,Delhi,NY,India,2022-06-15,Active
604,,Taylor,user.taylor@example.com,7248879093,Bangalore,BR,UK,2019-07-12,Inactive
605,Anna,Anderson,anna.anderson@example.com,7878831751,Houston,NY,UK,2020-06-06,Pending
606,,,,7739834026,Chicago,CA,UK,2022-12-17,Active
607,Neha,Brown,neha.brown@yahoo.com,6424943656,Phoenix,BR,UK,2021-10-07,Pending
608,,,user.test@mail.com,9284811393,Mumbai,KA,UK,2019-01-19,Inactive
609,Sarah,Thomas,sarah.thomas@example.com,8496788398,New York,NY,India,2021-03-19,Active
610,Rahul,Thomas,rahul.thomas@gmail.com,8560602069,Phoenix,BR,USA,2024-06-15,Pending
611,Emily,Kumar,emily.kumar@mail.com,6481674524,Phoenix,TX,USA,2019-06-13,Inactive
612,Chris,Johnson,chris.johnson@mail.com,8241294510,New York,NY,USA,2019-09-04,Active
613,John,Harris,john.harris@gmail.com,9915006718,Houston,KA,India,2020-10-18,Pending
614,Emily,White,emily.white@gmail.com,6562595498,Patna,IL,UK,2024-04-29,Inactive
615,John,Thomas,,7745375603,Chicago,AZ,India,2022-10-31,Pending
616,Chris,White,chris.white@gmail.com,7598394160,Chicago,MH,India,2023-06-01,Inactive
617,Jane,Thomas,jane.thomas@example.com,8186741260,Patna,AZ,India,2021-01-14,Inactive
618,Linda,Kumar,linda.kumar@example.com,9664359092,Phoenix,AZ,UK,2021-08-18,Inactive
619,Robert,Taylor,robert.taylor@,7301653702,Mumbai,MH,India,2020-01-08,Pending
620,Jane,Kumar,jane.kumar@yahoo.com,8253066675,Patna,KA,India,2024-01-31,Inactive
621,Amit,Taylor,amit.taylor@,6474381073,Delhi,KA,UK,2022-06-28,Inactive
622,Jane,Anderson,jane.anderson@gmail.com,7878630190,Bangalore,CA,USA,2020-06-03,Pending
623,Neha,Anderson,neha.anderson@example.com,8613472292,Houston,IL,UK,2022-03-21,Active
624,Priya,Harris,,9181756859,Bangalore,KA,UK,2021-11-20,Pending
625,Anna,Martin,,7456731008,Mumbai,NY,India,2022-09-24,Active
626,Priya,White,priya.white@yahoo.com,8414983671,Mumbai,KA,USA,2020-07-30,Active
627,David,White,,6368873883,Delhi,IL,UK,2023-10-27,Active
628,Linda,Sharma,linda.sharma@example.com,6883280691,Bangalore,MH,UK,2023-08-27,Inactive
629,Linda,Sharma,,8307491223,Patna,CA,UK,2019-07-19,Inactive
630,Michael,Harris,michael.harris@,7761163606,Delhi,NY,USA,2023-02-06,Inactive
631,Robert,Sharma,robert.sharma@mail.com,7446289659,Houston,TX,USA,2021-01-11,Inactive
632,Linda,Anderson,linda.anderson@mail.com,7122278863,Phoenix,CA,USA,2020-07-29,Active
,Amit,Taylor,amit.taylor@mail.com,7154183468,Patna,CA,USA,2020-03-02,Active
,Linda,Smith,linda.smith@mail.com,7140826936,Houston,IL,UK,2020-01-15,Inactive
,,Smith,user.smith@yahoo.com,7216741769,Los Angeles,NY,UK,2024-02-18,Active
,John,Kumar,john.kumar@,9881607008,Chicago,NY,USA,2019-05-30,Pending
637,Robert,Harris,,8209653050,New York,TX,India,2019-09-01,Inactive
638,David,Sharma,david.sharma@yahoo.com,7838571304,Houston,BR,USA,2021-11-28,Active
639,Amit,,amit.test@example.com,8894467417,Phoenix,TX,UK,2022-04-10,Inactive
,Amit,Harris,,9634990376,Los Angeles,NY,India,2022-09-12,Active
641,Anna,,anna.test@,6942811428,Mumbai,AZ,USA,2022-10-24,Pending
,Neha,Martin,,9188679376,Los Angeles,KA,UK,2021-02-14,Inactive
643,Anna,Kumar,anna.kumar@mail.com,6777610904,Los Angeles,NY,India,2020-09-13,Active
644,Robert,Brown,robert.brown@gmail.com,9710911353,Delhi,TX,UK,2019-12-06,Pending
645,Priya,Jackson,priya.jackson@example.com,9539514990,Chicago,MH,USA,2020-08-28,Inactive
646,Linda,,,9634131061,Houston,AZ,USA,2023-02-06,Pending
647,Sarah,Thomas,sarah.thomas@gmail.com,6404177465,Bangalore,IL,India,2024-06-21,Pending
648,,Sharma,user.sharma@gmail.com,8890261726,Bangalore,BR,UK,2022-09-19,Active
649,David,Smith,david.smith@example.com,8064761933,Patna,NY,UK,2021-04-20,Inactive
650,Neha,Kumar,,6407943764,Delhi,MH,India,2024-01-12,Pending
651,,Johnson,user.johnson@,8221185674,Phoenix,DL,UK,2021-06-13,Active
652,,Sharma,user.sharma@yahoo.com,6149818620,Mumbai,BR,UK,2019-04-20,Inactive
653,Anna,Martin,anna.martin@,7842383124,Delhi,AZ,India,2020-04-12,Pending
654,,White,user.white@example.com,8067897543,Delhi,TX,India,2021-08-02,Pending
655,Sarah,Anderson,sarah.anderson@mail.com,7633283650,Bangalore,KA,India,2020-04-23,Active
656,Rahul,Kumar,rahul.kumar@,8972590085,Bangalore,MH,India,2023-11-07,Pending
657,Robert,,robert.test@yahoo.com,8759246347,Patna,AZ,India,2024-02-08,Pending
658,Chris,Jackson,chris.jackson@,9320089791,Patna,NY,India,2021-12-03,Inactive
659,Jane,Jackson,jane.jackson@yahoo.com,8312596638,Los Angeles,CA,UK,2020-02-01,Pending
660,Rahul,White,rahul.white@example.com,9350700572,Chicago,IL,UK,2019-02-28,Active
661,Linda,Martin,linda.martin@yahoo.com,9983091117,Phoenix,NY,India,2019-01-07,Pending
662,Michael,Thomas,michael.thomas@mail.com,9393307318,Los Angeles,MH,UK,2023-11-10,Active
663,Neha,Anderson,neha.anderson@example.com,7674771294,New York,DL,India,2023-12-19,Active
664,Emily,Taylor,emily.taylor@example.com,6897251864,Houston,BR,UK,2019-07-01,Inactive
665,Chris,Anderson,chris.anderson@yahoo.com,7590336095,Phoenix,NY,India,2019-09-24,Pending
666,Jane,Kumar,jane.kumar@yahoo.com,9146603236,Delhi,TX,USA,2022-12-29,Inactive
667,Emily,Martin,emily.martin@,8539067703,Houston,TX,UK,2021-12-17,Pending
668,Sarah,,sarah.test@mail.com,8203835308,Chicago,DL,USA,2023-09-05,Pending
669,Neha,Johnson,neha.johnson@yahoo.com,6556597622,Los Angeles,NY,India,2019-01-11,Active
670,Sarah,,sarah.test@mail.com,7788752330,Bangalore,MH,India,2023-06-12,Inactive
671,Sarah,Kumar,sarah.kumar@example.com,7482148942,Mumbai,MH,USA,2022-01-23,Inactive
672,Priya,,,9698867969,Mumbai,AZ,UK,2023-03-23,Active
673,Anna,Harris,anna.harris@,9803776850,Los Angeles,AZ,UK,2020-07-06,Active
674,Anna,,anna.test@example.com,8887844672,Houston,IL,UK,2022-12-05,Pending
675,Neha,,neha.test@gmail.com,8577090740,Houston,DL,India,2021-10-24,Pending
676,Neha,Taylor,neha.taylor@,8468772752,Phoenix,NY,India,2020-07-28,Inactive
677,Robert,Sharma,,9651585032,Los Angeles,NY,UK,2021-11-20,Inactive
678,Linda,Harris,linda.harris@example.com,6793207939,Houston,KA,India,2021-01-23,Active
679,,Sharma,user.sharma@,9518216856,Bangalore,DL,USA,2022-06-18,Pending
680,Jane,Anderson,jane.anderson@gmail.com,9733701857,Los Angeles,NY,UK,2019-01-21,Active
681,David,Sharma,david.sharma@gmail.com,7293305055,Phoenix,TX,UK,2021-09-27,Pending
682,Emily,Johnson,,9135691455,Patna,TX,India,2022-05-16,Pending
683,Rahul,Brown,,9042413829,Bangalore,KA,UK,2020-04-20,Inactive
684,Michael,Taylor,michael.taylor@example.com,9644954082,New York,AZ,India,2019-08-27,Pending
685,Neha,Thomas,neha.thomas@yahoo.com,6285360959,Los Angeles,TX,UK,2019-05-22,Active
686,Jane,Kumar,jane.kumar@yahoo.com,9680776956,Houston,KA,USA,2020-11-08,Active
687,John,Harris,john.harris@mail.com,7190152704,Delhi,NY,USA,2020-11-05,Active
688,Robert,,robert.test@mail.com,6627248327,Bangalore,AZ,India,2019-10-06,Active
689,Chris,Sharma,chris.sharma@yahoo.com,6022515983,Delhi,DL,UK,2024-05-16,Pending
690,Neha,Sharma,,9938077010,Patna,AZ,India,2022-04-26,Inactive
691,,,user.test@gmail.com,9355663542,Delhi,NY,India,2019-07-18,Pending
,Amit,Harris,amit.harris@yahoo.com,9958090178,Bangalore,BR,USA,2023-08-24,Active
693,Rahul,Kumar,rahul.kumar@yahoo.com,6932259780,Houston,AZ,India,2019-08-13,Pending
694,,White,user.white@mail.com,9274768083,New York,TX,USA,2024-05-09,Inactive
695,Linda,Johnson,linda.johnson@example.com,6167208790,Patna,AZ,USA,2023-08-16,Pending
696,Anna,Sharma,anna.sharma@example.com,6518027669,Phoenix,IL,USA,2021-08-24,Inactive
697,Rahul,Smith,rahul.smith@gmail.com,8722154328,Delhi,KA,UK,2023-10-22,Active
698,Neha,Anderson,neha.anderson@gmail.com,8866602673,Chicago,AZ,USA,2024-03-08,Pending
699,Emily,White,,9718310437,Phoenix,DL,UK,2019-02-23,Active
700,Neha,Brown,neha.brown@example.com,8401792758,New York,DL,USA,2019-11-24,Active
701,Chris,,chris.test@mail.com,8569478696,Patna,MH,UK,2019-08-17,Active
702,Robert,Taylor,robert.taylor@,9753962157,New York,TX,India,2024-04-13,Active
703,,Thomas,user.thomas@mail.com,8605756503,Mumbai,KA,India,2023-09-14,Active
704,Neha,Smith,neha.smith@example.com,8128911848,Patna,IL,UK,2019-09-05,Pending
705,Priya,,,8281130521,Phoenix,CA,UK,2019-09-08,Active
706,Robert,Jackson,robert.jackson@mail.com,8873437523,Chicago,TX,UK,2020-10-10,Pending
707,Priya,,,8056947225,New York,NY,India,2020-09-18,Active
708,Emily,,emily.test@example.com,6011352679,Chicago,NY,India,2021-08-16,Pending
709,Robert,Jackson,robert.jackson@,8126774586,Houston,IL,USA,2022-04-05,Inactive
710,,Johnson,user.johnson@mail.com,9155752192,Chicago,KA,India,2020-08-22,Pending
711,Amit,Anderson,amit.anderson@yahoo.com,6653513023,Phoenix,CA,UK,2022-01-19,Inactive
712,Emily,,emily.test@example.com,7293953515,Delhi,CA,India,2019-03-02,Active
713,Sarah,,sarah.test@example.com,9619882321,Bangalore,DL,India,2021-03-09,Pending
714,Anna,Anderson,anna.anderson@yahoo.com,7973620621,Houston,MH,USA,2022-07-10,Inactive
715,John,Jackson,john.jackson@example.com,7007096441,Chicago,AZ,UK,2024-06-20,Pending
716,Neha,Brown,neha.brown@gmail.com,7092263134,Delhi,TX,UK,2022-10-06,Pending
717,John,Johnson,john.johnson@yahoo.com,8454794781,Houston,TX,UK,2021-06-30,Active
718,Emily,Jackson,emily.jackson@gmail.com,7932783152,Mumbai,MH,India,2019-02-01,Inactive
719,Jane,Taylor,jane.taylor@yahoo.com,7703288753,Chicago,TX,UK,2021-09-05,Active
720,,,user.test@,7008476100,Delhi,IL,India,2021-06-28,Inactive
721,John,Anderson,,8037869284,Delhi,TX,UK,2023-11-24,Active
722,Michael,Jackson,michael.jackson@yahoo.com,8562543336,Delhi,TX,UK,2021-10-26,Active
723,Robert,Sharma,robert.sharma@mail.com,7218007398,Houston,IL,USA,2022-04-29,Pending
,Robert,Smith,robert.smith@mail.com,9277952156,Bangalore,CA,USA,2019-12-13,Pending
725,Chris,Anderson,chris.anderson@yahoo.com,6192742541,Mumbai,MH,UK,2020-10-14,Inactive
726,Rahul,White,rahul.white@gmail.com,9242065034,New York,BR,UK,2021-08-07,Pending
727,Michael,Johnson,michael.johnson@example.com,6027545266,Los Angeles,MH,UK,2022-03-29,Pending
728,,Harris,user.harris@,9128900170,Delhi,AZ,UK,2021-10-17,Inactive
729,,Anderson,,6427777896,Los Angeles,TX,India,2023-10-17,Inactive
730,Anna,Johnson,,6320639794,Patna,IL,USA,2020-05-31,Inactive
731,,White,user.white@example.com,7913162007,Houston,KA,USA,2022-04-19,Pending
732,Rahul,Smith,rahul.smith@gmail.com,6553208394,Bangalore,IL,USA,2022-04-27,Pending
733,Neha,,neha.test@example.com,6224351926,Mumbai,BR,India,2023-05-26,Pending
734,,Anderson,user.anderson@gmail.com,6432789211,Chicago,TX,USA,2019-08-03,Inactive
,Rahul,Johnson,rahul.johnson@gmail.com,7537835762,New York,KA,USA,2023-04-28,Inactive
736,Emily,Sharma,emily.sharma@example.com,8046898145,Los Angeles,TX,India,2020-05-20,Active
737,Jane,Thomas,jane.thomas@mail.com,6903758434,Chicago,KA,USA,2019-12-22,Inactive
738,Emily,,emily.test@example.com,6201329594,Delhi,TX,UK,2021-10-19,Active
739,Neha,Harris,,6453830718,Houston,IL,USA,2023-07-05,Pending
740,Neha,Taylor,neha.taylor@mail.com,8257127958,Houston,CA,UK,2019-03-27,Inactive
741,Amit,Harris,amit.harris@example.com,6618402285,Phoenix,TX,India,2022-11-07,Inactive
742,,Kumar,user.kumar@example.com,8283962594,Phoenix,TX,India,2024-06-16,Inactive
,David,Jackson,david.jackson@,9339461442,Los Angeles,KA,India,2024-01-15,Pending
744,Priya,Johnson,,6655864335,Chicago,CA,USA,2020-07-08,Active
745,,Taylor,user.taylor@example.com,7975320562,Patna,BR,India,2021-01-02,Active
746,Linda,,,8257509541,Delhi,IL,UK,2019-05-16,Active
747,Chris,Smith,,6817963901,Phoenix,AZ,USA,2020-01-07,Pending
748,,Jackson,user.jackson@,6362170685,Los Angeles,BR,India,2020-03-22,Active
749,Linda,Smith,linda.smith@,7442256016,New York,BR,India,2022-09-01,Inactive
750,Amit,Smith,amit.smith@gmail.com,7888348585,Mumbai,NY,UK,2022-01-26,Inactive
751,Chris,Smith,,6686041874,Delhi,CA,India,2024-03-16,Active
752,Emily,Anderson,emily.anderson@mail.com,9422389376,Los Angeles,NY,India,2023-07-27,Inactive
753,Anna,Sharma,anna.sharma@gmail.com,9878142175,Houston,BR,USA,2020-09-20,Pending
754,,White,user.white@yahoo.com,7754620090,Phoenix,AZ,India,2021-09-10,Inactive
,,,user.test@example.com,9996495610,Bangalore,BR,USA,2020-10-19,Active
756,Sarah,Kumar,,7708673568,Chicago,MH,UK,2020-04-22,Active
757,Amit,Kumar,amit.kumar@gmail.com,9717266446,Los Angeles,TX,UK,2023-01-13,Active
758,Michael,Martin,michael.martin@mail.com,7648252847,Los Angeles,BR,India,2019-09-29,Pending
759,,Thomas,user.thomas@mail.com,8385698112,Los Angeles,CA,UK,2020-04-22,Inactive
760,Michael,Sharma,michael.sharma@gmail.com,6276011237,Houston,DL,USA,2024-06-20,Inactive
761,John,Sharma,john.sharma@mail.com,8208979340,Bangalore,NY,UK,2021-12-04,Inactive
762,Amit,,amit.test@gmail.com,9511270509,Phoenix,CA,USA,2019-07-03,Pending
,Michael,White,michael.white@example.com,9684079546,Bangalore,IL,UK,2019-12-16,Pending
764,David,Martin,david.martin@mail.com,7176833111,Delhi,IL,India,2023-05-12,Inactive
765,Michael,Harris,michael.harris@yahoo.com,8663839664,Los Angeles,NY,USA,2022-01-12,Inactive
766,David,Taylor,,6917576678,New York,CA,USA,2024-03-24,Pending
767,Jane,Harris,jane.harris@,7692600558,Houston,DL,UK,2024-01-19,Active
768,David,Johnson,david.johnson@gmail.com,9071674991,Houston,CA,UK,2021-06-14,Active
769,John,,john.test@example.com,9673426172,Delhi,DL,USA,2019-10-26,Inactive
,Anna,,anna.test@yahoo.com,9157792063,Chicago,KA,India,2022-07-06,Pending
771,Chris,Taylor,chris.taylor@mail.com,9216489410,Chicago,BR,UK,2019-01-06,Active
772,,Brown,user.brown@,8900478907,New York,CA,UK,2023-11-12,Inactive
,Neha,Jackson,,7260427980,Bangalore,CA,USA,2024-03-09,Pending
774,Sarah,Sharma,sarah.sharma@yahoo.com,8457780770,Mumbai,TX,India,2022-10-12,Pending
775,Linda,White,linda.white@example.com,8411220639,Los Angeles,TX,UK,2022-08-29,Inactive
776,Chris,Harris,,6451568347,Patna,BR,India,2022-09-10,Pending
777,,Kumar,user.kumar@mail.com,6849173405,New York,TX,India,2021-05-26,Pending
778,Robert,Thomas,robert.thomas@example.com,6706064412,Los Angeles,AZ,USA,2019-04-19,Inactive
779,,,,7137100358,Los Angeles,DL,UK,2021-07-16,Pending
780,Anna,Harris,anna.harris@yahoo.com,8698910703,Phoenix,TX,USA,2021-02-22,Inactive
781,,Kumar,user.kumar@gmail.com,8943180390,Bangalore,BR,USA,2020-01-03,Active
782,Chris,Johnson,chris.johnson@,6567436308,Chicago,BR,UK,2021-05-20,Pending
783,David,Martin,david.martin@mail.com,6542506846,Bangalore,CA,USA,2023-07-19,Active
784,Priya,Brown,,8782091285,Mumbai,IL,India,2021-12-04,Inactive
785,,Anderson,user.anderson@mail.com,9698863785,Houston,TX,UK,2024-04-30,Pending
,Amit,White,amit.white@gmail.com,9553764369,Delhi,CA,UK,2022-02-14,Active
787,,Martin,,8240693088,Los Angeles,CA,USA,2019-03-11,Pending
788,Neha,Johnson,neha.johnson@example.com,9747615106,Patna,CA,UK,2021-10-07,Active
789,,Martin,user.martin@yahoo.com,9003252207,Phoenix,BR,India,2021-07-24,Active
790,Anna,White,anna.white@yahoo.com,9854017385,New York,AZ,USA,2023-09-26,Pending
791,,Brown,user.brown@,7799339275,Mumbai,BR,India,2020-12-11,Active
792,,,,6895561439,Chicago,CA,UK,2019-11-12,Pending
793,Linda,,,6694783954,Chicago,NY,USA,2022-08-23,Pending
794,Michael,Johnson,,6254145827,Delhi,TX,USA,2022-08-27,Inactive
795,Linda,Jackson,linda.jackson@mail.com,6723065330,New York,TX,UK,2020-11-04,Pending
796,Chris,Johnson,,8412667675,Chicago,MH,USA,2024-05-23,Inactive
797,,Taylor,user.taylor@mail.com,9644170872,Houston,NY,UK,2020-08-06,Active
798,Robert,,robert.test@gmail.com,6970674476,Bangalore,AZ,UK,2023-02-15,Active
799,Anna,Sharma,anna.sharma@example.com,6494134041,Los Angeles,CA,UK,2020-02-06,Inactive
800,,Smith,user.smith@gmail.com,8314232506,New York,KA,USA,2020-10-29,Pending
